"taxa"	"Pump-NICUa"	"Mattress-NICUa"	"Rail-NICUa"	"Monitor-NICUa"	"Ventilator-NICUa"	"Pump-NICUb"	"Mattress-NICUb"	"Rail-NICUb"	"Monitor-NICUb"	"Ventilator-NICUb"	"Mobiles-NICUab"	"Handle-NICUab"	"DrugStation-NICUab"
"Acholeplasma"	0	0	0	0	0	0	0	0	0	0	0	0	0
"Acidaminococcus"	0	0	0	0	0	0	2.90672325088e-05	0	0	0	0	0	0
"Acidisoma"	0	0	8.72016975264e-05	0	0	0	0	0.000145336162544	0.000203470627562	2.90672325088e-05	0	0.000697613580211	0.000145336162544
"Aciditerrimonas"	0	0	0	8.72016975264e-05	2.90672325088e-05	0	0	2.90672325088e-05	0.000116268930035	0	0	0.000290672325088	0
"Acidovorax"	0.00523210185158	0.00369153852862	0.00863296805511	0.00188937011307	0.000436008487632	0.000697613580211	0.0162776502049	0.00802255617243	0.00139522716042	0.00566811033921	8.72016975264e-05	0.0023253786007	0.00424381594628
"Acinetobacter"	0.0146208179519	0.00805162340494	0.00616225329186	0.0383687469116	0.00342993343604	0.0608958521059	0.0643548527745	0.0116850274685	0.0353457547307	0.0746446530826	0.00717960642967	0.0420021509752	0.0170043310176
"Actinoallomurus"	0	0	0	0	0	0	0	0	2.90672325088e-05	5.81344650176e-05	0	0	8.72016975264e-05
"Actinobacillus"	0	0	0	0	0	0	8.72016975264e-05	0	0.000116268930035	0	0	0	0
"Actinobaculum"	0.00162776502049	0	0	0.000813882510246	2.90672325088e-05	0.000872016975264	0	0.000116268930035	0.00319739557597	0.000377874022614	2.90672325088e-05	0.000842949742755	0.000145336162544
"Actinomadura"	0	0	0	0	2.90672325088e-05	0	5.81344650176e-05	0	0	0	0	0	0
"Actinomyces"	0.00418568148127	5.81344650176e-05	0.00095921867279	0.00220910967067	0.000552277417667	0.00412754701625	0.000639479115193	0.00072668081272	0.000784815277737	0.000581344650176	0.0119756997936	0.00880737145016	0.00220910967067
"Actinomycetospora"	0	0.000145336162544	2.90672325088e-05	8.72016975264e-05	0	0	0.000784815277737	5.81344650176e-05	0.000116268930035	5.81344650176e-05	5.81344650176e-05	0	0.00116268930035
"Actinophytocola"	0	0	0	0	0	0	0	0	0	0	0	0	0
"Actinoplanes"	0	0	2.90672325088e-05	0	0	0	0	0	0	8.72016975264e-05	5.81344650176e-05	0	0
"Adhaeribacter"	0	0	0	2.90672325088e-05	0	0	0	2.90672325088e-05	5.81344650176e-05	0	0	0.000755748045229	2.90672325088e-05
"Advenella"	0	0	2.90672325088e-05	0	0	2.90672325088e-05	0	0.000377874022614	0	2.90672325088e-05	0	0	0
"Aequorivita"	0	0	0	0	0	0	0	0	0	0	0	0	0
"Aerococcus"	0.00023253786007	2.90672325088e-05	5.81344650176e-05	0.000668546347702	0.000319739557597	0.000203470627562	0.000203470627562	0.000610411882685	0.00209284074063	0.000901084207773	0.00456355550388	0.00107548760283	0.000813882510246
"Aeromicrobium"	0	0	0	0	5.81344650176e-05	2.90672325088e-05	8.72016975264e-05	0	8.72016975264e-05	0.000203470627562	0	0	0
"Aeromonas"	0.000552277417667	5.81344650176e-05	0.000145336162544	5.81344650176e-05	0	0	0.0113943551434	5.81344650176e-05	0.000261605092579	0.000116268930035	0	0	0.000406941255123
"Aggregatibacter"	0	0	0	0	0	0.000145336162544	0	0	2.90672325088e-05	0	0.000145336162544	0	0
"Agrococcus"	2.90672325088e-05	0	0	0	0	0	8.72016975264e-05	2.90672325088e-05	0	2.90672325088e-05	0	0	2.90672325088e-05
"Agromyces"	0	5.81344650176e-05	0	0	0	0	0	2.90672325088e-05	0	5.81344650176e-05	0	0	2.90672325088e-05
"Akkermansia"	0	0	0	0	0	0	0	0	0.000116268930035	0	0	0	0
"Alcaligenes"	0	0	0	5.81344650176e-05	0	0	0	2.90672325088e-05	5.81344650176e-05	0	0	0	0
"Alcanivorax"	8.72016975264e-05	0	0	0.000406941255123	0	0	2.90672325088e-05	2.90672325088e-05	0.000116268930035	0.000116268930035	0	2.90672325088e-05	0.000203470627562
"Algoriphagus"	0.000174403395053	0.000116268930035	0.000697613580211	0	0.000174403395053	0	0.00177310118304	0.000639479115193	0.000145336162544	0	0	0	5.81344650176e-05
"Alishewanella"	0.000406941255123	0.000203470627562	0.000145336162544	0.00023253786007	0.000174403395053	0.000145336162544	0.00154056332297	0.00072668081272	0.000581344650176	0.000203470627562	2.90672325088e-05	0	0.000377874022614
"Alistipes"	0	0	0	0	0.000581344650176	0	0	0	0	0.000581344650176	0	8.72016975264e-05	0
"Alkalibacterium"	0.000261605092579	0.000203470627562	8.72016975264e-05	0.000116268930035	0.000203470627562	0	0.000174403395053	0.000116268930035	0	0.000348806790106	0	8.72016975264e-05	0
"Allobaculum"	0	0.000465075720141	0	0	0.000290672325088	0	0.000523210185158	0	0	0	0	0	0
"Alloprevotella"	0.000930151440281	2.90672325088e-05	0.000116268930035	0.000494142952649	0.000610411882685	0.000348806790106	0.00101735313781	0.000261605092579	8.72016975264e-05	8.72016975264e-05	0.000174403395053	0	0.000755748045229
"Altererythrobacter"	0.000116268930035	0.000290672325088	0.000145336162544	0.000639479115193	0.000203470627562	0.000290672325088	0.000145336162544	0.000145336162544	0.000348806790106	0.000174403395053	0.000116268930035	0.000290672325088	0.000436008487632
"Alysiella"	0	0	0	0	0	0	0	0	0	0	0	0	0
"Amaricoccus"	0.000145336162544	0.000406941255123	0.0013370926954	0.000436008487632	0.00145336162544	5.81344650176e-05	0.000377874022614	8.72016975264e-05	0.00101735313781	0.000116268930035	0	0.000755748045229	0.000145336162544
"Ammoniphilus"	0	0	0	0	0	0	0	0	2.90672325088e-05	0	0	0.000145336162544	0
"Amycolatopsis"	0	2.90672325088e-05	2.90672325088e-05	0	8.72016975264e-05	0	0	0	2.90672325088e-05	0	0	0.000465075720141	8.72016975264e-05
"Anaerobacillus"	8.72016975264e-05	0	5.81344650176e-05	0.000377874022614	5.81344650176e-05	0.00104642037032	0.000377874022614	0.000145336162544	0.000610411882685	0.00023253786007	0	0.000174403395053	0.000552277417667
"Anaerobiospirillum"	0.000697613580211	0.000552277417667	0.000203470627562	0.00101735313781	0.00154056332297	0.00404034531872	0.00293579048339	0.000145336162544	2.90672325088e-05	0.000174403395053	0	0.00136615992791	0.00104642037032
"Anaerococcus"	0.0257535680028	0.000203470627562	0.000290672325088	0.00200563904311	0.000988285905299	0.00279045432084	0.000494142952649	0.00113362206784	0.00514490015406	0.000755748045229	0.00218004243816	0.00380780745865	0.00223817690318
"Anaeromyxobacter"	0	0	0	0	0	0	0	0	2.90672325088e-05	0	0	0	0
"Anaeroplasma"	0	0	0	0	0	0	8.72016975264e-05	0	0	0	0	0	0
"Anaerostipes"	0	0	0	0	5.81344650176e-05	0	0	0	0	0	0	0	0
"Anaerovorax"	0	0	0	0	0	0	0	0	0	0	0	0	0
"Ancylobacter"	0	0	0	0	0	0	2.90672325088e-05	0	0	0	0	0	0
"Andreprevotia"	0	0	0	0	0	0	0	0	0	0	0	0	0
"Anoxybacillus"	2.90672325088e-05	0.000203470627562	0	0.000174403395053	5.81344650176e-05	0	0	8.72016975264e-05	2.90672325088e-05	0.000174403395053	0	0.00119175653286	0
"Aquaspirillum"	0	0	0	0	0	0	0.00124989099788	0	0	0	0	0	0
"Aquicella"	0	0	0	0	5.81344650176e-05	0	0	0	0	0	0	0	0
"Aquisphaera"	0	0	0	0	0	0	0	2.90672325088e-05	0	0	0	0	0
"Arcanobacterium"	0	0	0	0	0	5.81344650176e-05	0	0	0	0	0	0	0
"Arcicella"	0.000406941255123	0.000116268930035	0	0.000203470627562	0	0	0	0	0	0	0	0	0
"Armatimonas/Armatimonadetes_gp1"	0	0	0	5.81344650176e-05	0	0	0	8.72016975264e-05	0	0	0	0	0
"Arsenicicoccus"	2.90672325088e-05	0	2.90672325088e-05	0	0	0	0	0	0	0	0.000203470627562	0	0
"Arthrobacter"	0.000436008487632	0.000174403395053	0.00023253786007	0.000203470627562	5.81344650176e-05	0.00156963055547	0.000203470627562	5.81344650176e-05	0.000639479115193	0.000261605092579	0.000319739557597	8.72016975264e-05	0.000552277417667
"Asaia"	8.72016975264e-05	0	0	0	0	0	0	0	2.90672325088e-05	0	0	0	0
"Asanoa"	0	0	0	0	0	0	0	8.72016975264e-05	0	8.72016975264e-05	0	0	0
"Asticcacaulis"	0	0	0	0	0	0	0	2.90672325088e-05	0	8.72016975264e-05	0	0	0
"Atopobium"	0.000145336162544	2.90672325088e-05	0	0.000319739557597	2.90672325088e-05	0.000116268930035	8.72016975264e-05	8.72016975264e-05	5.81344650176e-05	0.000116268930035	0.000116268930035	2.90672325088e-05	0.000406941255123
"Aurantimonas"	0	0	0	0	0	0	0	2.90672325088e-05	8.72016975264e-05	2.90672325088e-05	0	0	2.90672325088e-05
"Aureimonas"	0	0	2.90672325088e-05	0	0	0	0.000261605092579	0.000203470627562	0.000145336162544	0	0	0	0.000116268930035
"Azoarcus"	2.90672325088e-05	0	0	5.81344650176e-05	0	0	0	2.90672325088e-05	0	2.90672325088e-05	0	0	0
"Azonexus"	0	0	0	0.000610411882685	0	0	0.0013370926954	0	0.000116268930035	0	0	0	0
"Azospirillum"	0	2.90672325088e-05	0.000116268930035	0	2.90672325088e-05	2.90672325088e-05	0	0	2.90672325088e-05	5.81344650176e-05	0.000174403395053	0.000494142952649	0.000145336162544
"Bacillus"	0.348341714385	0.605644856553	0.493561607999	0.197250239805	0.17449059675	0.0989157922274	0.315815481208	0.34816731099	0.205476266605	0.31479812807	0.00482516059646	0.113885416969	0.246722669535
"Bacteriovorax"	0.000174403395053	0	0	0	2.90672325088e-05	0	0	8.72016975264e-05	0	0	0	0	0
"Bacteroides"	0.000668546347702	0.000319739557597	0.00159869778798	0.00630758945441	0.00540650524664	0.00154056332297	0.00101735313781	0.000784815277737	0.00127895823039	0.000290672325088	0.000494142952649	0.000465075720141	0.000494142952649
"Barnesiella"	0	0	0	0	0	0	0	0	0	0	0	0	0
"Bartonella"	0	0	0	0	0	0	0	0	5.81344650176e-05	0	0	0	0
"Bdellovibrio"	0.000610411882685	0.000174403395053	0.00110455483533	0.000319739557597	0.000377874022614	0	0.00290672325088	0.00119175653286	0.000813882510246	0.000290672325088	0	0.000523210185158	8.72016975264e-05
"Beijerinckia"	0	0	0	8.72016975264e-05	0	0	0	2.90672325088e-05	2.90672325088e-05	0	0	8.72016975264e-05	0.000203470627562
"Belnapia"	8.72016975264e-05	0	0.000203470627562	0.000406941255123	5.81344650176e-05	0.000290672325088	0.000174403395053	0.000203470627562	0.000203470627562	0.00023253786007	0	0.000581344650176	0.000174403395053
"Bifidobacterium"	0.000436008487632	2.90672325088e-05	0	0.000465075720141	0.000116268930035	0.000406941255123	0.000639479115193	0.00223817690318	0.00072668081272	0.000261605092579	0	0.000552277417667	0.00023253786007
"Blastochloris"	0	0	0	0	0	0	0	0	0	0	0	0	0
"Blastococcus"	8.72016975264e-05	0.000174403395053	0.00023253786007	0.000145336162544	5.81344650176e-05	0.000116268930035	0.000116268930035	0.000842949742755	0.000494142952649	0.000145336162544	0	0.000436008487632	0.00104642037032
"Blastopirellula"	0	0	0	0.000290672325088	0	0	0.000145336162544	2.90672325088e-05	0	0	0	0	0
"Blautia"	0.000116268930035	0	0	0.000203470627562	0.000668546347702	0.000261605092579	0.000348806790106	0.00023253786007	0.000116268930035	0.000145336162544	2.90672325088e-05	0.000523210185158	0.000174403395053
"Bordetella"	0.000406941255123	0.000610411882685	0.000290672325088	0.00238351306572	8.72016975264e-05	8.72016975264e-05	0	0.00023253786007	0.000465075720141	2.90672325088e-05	5.81344650176e-05	0.000145336162544	0.000319739557597
"Bosea"	0	0.000203470627562	2.90672325088e-05	2.90672325088e-05	0.000348806790106	2.90672325088e-05	0.000465075720141	0.000261605092579	8.72016975264e-05	0.00145336162544	0.000145336162544	0.000319739557597	0.000581344650176
"Brachybacterium"	0.000203470627562	0	0.000145336162544	0	0	0.000436008487632	0.000348806790106	0.000203470627562	0.000319739557597	0.00023253786007	5.81344650176e-05	0.000174403395053	0.000116268930035
"Bradyrhizobium"	0.000145336162544	0.000203470627562	5.81344650176e-05	0	0.000116268930035	0.000174403395053	0.000290672325088	0.000319739557597	0	0.000145336162544	2.90672325088e-05	0.000552277417667	0.000145336162544
"Brevibacillus"	0	0	0	0	2.90672325088e-05	0	5.81344650176e-05	0	0.000145336162544	8.72016975264e-05	0	0	0
"Brevibacterium"	2.90672325088e-05	0	0	0.000174403395053	2.90672325088e-05	5.81344650176e-05	8.72016975264e-05	0.000174403395053	0.00101735313781	5.81344650176e-05	0.000116268930035	0.000465075720141	0.000901084207773
"Brevundimonas"	0.000377874022614	0.000610411882685	0.000523210185158	0.00107548760283	0.00023253786007	0.0013370926954	0.000523210185158	0.000145336162544	0.00122082376537	0.00255791646077	0.000668546347702	0.00148242885795	0.00156963055547
"Brochothrix"	0.000377874022614	0	0	0.000261605092579	0	0.000116268930035	5.81344650176e-05	2.90672325088e-05	0.000319739557597	0	0	0	2.90672325088e-05
"Brucella"	0	0	0	0.000174403395053	0	0	0	0	0	0	0	0	0.000203470627562
"Buchnera"	0	0	0	0	0	0	0	0	0	0	0	0	0
"Burkholderia"	0.000116268930035	0	5.81344650176e-05	0.000290672325088	2.90672325088e-05	0.000290672325088	5.81344650176e-05	0.000145336162544	0.00136615992791	0.000465075720141	0	0.00023253786007	0.000377874022614
"Butyricimonas"	0	0	0	0	0	0	0	0	0	0	0	0	0
"Butyrivibrio"	0	0	0	0	0	0	0	0	0	0	0	0	0
"Caedibacter"	0	0	0	0	0	0	0	0	0	0	0	0	0
"Caenispirillum"	0	0	0	0	0	0	2.90672325088e-05	0	0	0	0	0	5.81344650176e-05
"Caldimonas"	0.0164811208325	0.00805162340494	0.0136615992791	0.00546463971165	0.0019765718106	0.00915617824027	0.0200563904311	0.0112199517484	0.0043019504113	0.00409847978374	2.90672325088e-05	0.00392407638869	0.00505769845653
"Caloramator"	0	0	0	0	0	0	0	0	2.90672325088e-05	0	0	0	0
"Campylobacter"	8.72016975264e-05	0	0	0	0	2.90672325088e-05	2.90672325088e-05	0	0	0	0.000203470627562	2.90672325088e-05	0
"Capnocytophaga"	0.00215097520565	0	0.000523210185158	2.90672325088e-05	0.000261605092579	0.00200563904311	0	0.000377874022614	0.00023253786007	0.000436008487632	0.228671918147	0.000988285905299	0.00168589948551
"Cardiobacterium"	0.000174403395053	0	0	0.000174403395053	5.81344650176e-05	0.000174403395053	0	0	0.000203470627562	0.000145336162544	0.0349097462431	2.90672325088e-05	5.81344650176e-05
"Caryophanon"	0	0	0	0	5.81344650176e-05	0	0	0	5.81344650176e-05	0	0	0	0
"Castellaniella"	0.0672615760253	0.127953957504	0.163881056885	0.0365375112636	0.0250850216551	0.0275848036508	0.0358108304508	0.0730459552946	0.0154056332297	0.0752550649653	0.000494142952649	0.0261314420254	0.0619713397087
"Catonella"	0.000174403395053	0	0	0	0	2.90672325088e-05	0	0	0	0	0.000116268930035	2.90672325088e-05	0.000145336162544
"Caulobacter"	0.000174403395053	0.000581344650176	0.000116268930035	0	0	0	2.90672325088e-05	2.90672325088e-05	2.90672325088e-05	0.000290672325088	0	0.000406941255123	0
"Cellulomonas"	0	0	0	0	0	0	0	5.81344650176e-05	0	0	0	0	0
"Cellvibrio"	0	0	0	5.81344650176e-05	0	0	0	0	0	5.81344650176e-05	0	0	0.00171496671802
"Chelatococcus"	0	0	0	0	2.90672325088e-05	0	0	5.81344650176e-05	0	0	0	0	0
"Chitinophaga"	0.000116268930035	0	2.90672325088e-05	0	0	0	0	0	0.000116268930035	2.90672325088e-05	8.72016975264e-05	0	0.000639479115193
"Chryseobacterium"	0.00183123564805	0.00095921867279	0.000203470627562	0.00180216841555	0.00127895823039	0.00601691712932	0.00200563904311	0.00136615992791	0.00180216841555	0.0288346946487	0.0102316658431	0.00401127808621	0.00421474871377
"Chthonomonas/Armatimonadetes_gp3"	0	0	0	0	0	0	0	0	0	0	0	0	8.72016975264e-05
"Citricoccus"	0	0	0	0	0	0	0	0	5.81344650176e-05	0	0	0	8.72016975264e-05
"Cloacibacillus"	0	0	0	0	0	0	0	0	0	0	0	0	0
"Cloacibacterium"	0.00392407638869	0.000174403395053	0.00104642037032	0.00526116908409	0.000668546347702	0.000930151440281	0.00648199284946	0.000842949742755	0.00747027875476	0.00139522716042	0	0.000465075720141	0.00255791646077
"Clostridium_III"	8.72016975264e-05	0.000116268930035	2.90672325088e-05	0.000610411882685	0.00104642037032	5.81344650176e-05	0.000494142952649	0	8.72016975264e-05	8.72016975264e-05	0	0.000668546347702	0
"Clostridium_IV"	0.000523210185158	0.000494142952649	0	0	0.00151149609046	0.00151149609046	0.000261605092579	2.90672325088e-05	8.72016975264e-05	0.00023253786007	0	0	0.000377874022614
"Clostridium_sensu_stricto"	0.00101735313781	2.90672325088e-05	2.90672325088e-05	0.00279045432084	0.00110455483533	0.000872016975264	0.000523210185158	0.00386594192367	0.000872016975264	0.0374385954713	0	0.00183123564805	0.000116268930035
"Clostridium_XI"	0	2.90672325088e-05	0	0.000406941255123	0.000348806790106	0.0013080254629	0.000116268930035	0.000319739557597	0.000174403395053	0.00113362206784	0.000203470627562	0	0.00023253786007
"Clostridium_XlVa"	0.000755748045229	0.000436008487632	0	0.000784815277737	0.00171496671802	0.0036334040636	0.000930151440281	0	0.000319739557597	0.000116268930035	0.000319739557597	0.00156963055547	0.000116268930035
"Clostridium_XlVb"	0	0	0	8.72016975264e-05	0	0	0	0	0.000116268930035	2.90672325088e-05	0	0	0
"Clostridium_XVIII"	0	0	0	0	0.000145336162544	0	0	0	0	0	0	0	0
"Cohnella"	0	0	0	0	0	0	0	0	0	0	0	0	0
"Collinsella"	2.90672325088e-05	0	0	0	0	0.000784815277737	0.000261605092579	0	0	0	2.90672325088e-05	0	0
"Comamonas"	2.90672325088e-05	0.000116268930035	0.000639479115193	5.81344650176e-05	0	0	0.000784815277737	0.00104642037032	2.90672325088e-05	8.72016975264e-05	0	0.00479609336395	0.00072668081272
"Conexibacter"	0	0	0	0	0	0	0	0	0	0	0	0	0
"Corynebacterium"	0.0117431619336	0.00186030288056	0.00342993343604	0.0153765659972	0.0228468447519	0.021364415894	0.00587158096678	0.0112490189809	0.018050751388	0.0178182135279	0.0235153910996	0.0189518355957	0.0141848094643
"Coxiella"	0	0.000145336162544	0	0.000610411882685	0.000901084207773	0.00639479115193	0.00156963055547	2.90672325088e-05	0	0.000116268930035	0	0.00101735313781	0
"Craurococcus"	0	0	0	0	0	0	0	2.90672325088e-05	0	0	0	0	5.81344650176e-05
"Cronobacter"	0	0	0	0	0	0	0	0	0	0	0	0	0
"Cruoricaptor"	0	0	0	0	0	0	0	0	0	0	0	0	0
"Cupriavidus"	0	0	0	0	0	0	0.000116268930035	8.72016975264e-05	0.000116268930035	5.81344650176e-05	2.90672325088e-05	0	0.000494142952649
"Curtobacterium"	0.000116268930035	0	5.81344650176e-05	0	0	2.90672325088e-05	5.81344650176e-05	0.000116268930035	0.000145336162544	2.90672325088e-05	0.000203470627562	0	0.000465075720141
"Cystobacter"	0	0	0	0	0	0	0	0	0	0	0	0	0
"Cytophaga"	0	0	0	0	0	0	0	0	0	0	0	0	0
"Dactylosporangium"	0	0	0	0	0	0	2.90672325088e-05	2.90672325088e-05	2.90672325088e-05	0	0	0	0
"Dechloromonas"	0.000145336162544	0.000145336162544	0.000203470627562	0.00023253786007	0	0	0.000203470627562	5.81344650176e-05	0.000145336162544	0.000145336162544	0	0	0
"Defluviicoccus"	0	0	0	0	0	0	2.90672325088e-05	0	0	0	0	0	0
"Deinococcus"	0.000116268930035	0	0.000203470627562	0.000610411882685	0.000145336162544	0.000988285905299	0.00122082376537	0.000348806790106	0.00555184140918	0.000872016975264	0.00023253786007	0.001656832253	0.0056099758742
"Delftia"	0.0664186262826	0.0250850216551	0.00770281661483	0.125541377205	0.00427288317879	0.0619422724762	0.042845100718	0.0202017265936	0.0868238235038	0.0823765369299	0.0769118972183	0.10658954161	0.0225271051943
"Demequina"	0.00023253786007	0.000116268930035	0	8.72016975264e-05	2.90672325088e-05	0	0.000145336162544	5.81344650176e-05	0	0	0	0	0
"Dermacoccus"	0.000203470627562	0	0.000174403395053	0.000465075720141	8.72016975264e-05	0.000668546347702	0.000145336162544	8.72016975264e-05	0.000348806790106	0.000116268930035	5.81344650176e-05	0	8.72016975264e-05
"Desulfitispora"	0	0	0	0	0	0	0	0	0	0	0	0	0
"Desulfitobacterium"	0	0	0	0	0	0	0	0	0	0	0	0	0
"Desulfobulbus"	0	0	0	0	0	0	0	0	0	0	0	0	0
"Desulfomicrobium"	0	0	0	0	0	0	2.90672325088e-05	0	0	0	0	0	0
"Desulfosporosinus"	0	0	0	0	0	0	0	0	0	0	0	0	0
"Desulfotomaculum"	0	0	0	0	0	0	0	0	0	0	0	0	0
"Desulfovibrio"	0	0	0	0	0	0	0.000116268930035	5.81344650176e-05	0	0	0	0	0.000290672325088
"Desulfuromonas"	0	0	0	0	0	0	0	0	0	0	2.90672325088e-05	0	5.81344650176e-05
"Devosia"	0.00107548760283	2.90672325088e-05	0.000377874022614	0.00072668081272	0.000494142952649	2.90672325088e-05	0.000436008487632	8.72016975264e-05	0.00113362206784	0.000174403395053	0	0.00122082376537	0.000145336162544
"Dialister"	0.000465075720141	0	2.90672325088e-05	0.000203470627562	5.81344650176e-05	0.000174403395053	2.90672325088e-05	0	5.81344650176e-05	0	0.000116268930035	0.00107548760283	8.72016975264e-05
"Dietzia"	0.00334273173851	2.90672325088e-05	0.000842949742755	0.0059587826643	0.00171496671802	0.00642385838444	0.000290672325088	0.000639479115193	0.0110164811208	0.00244164753074	0.00148242885795	0.00284858878586	0.000610411882685
"Diplorickettsia"	0	0	0	0	0	0	0.000116268930035	0	0	0	0	0	0
"Dokdonella"	0	0	0	0	0	0	0	0	0	0	0	0.000203470627562	0
"Dyadobacter"	0	2.90672325088e-05	2.90672325088e-05	0	0	2.90672325088e-05	2.90672325088e-05	0	0	0.000145336162544	0	0	0
"Dyella"	0	0	0	0	0	0	0	0	0	0.000145336162544	0	0	0.00023253786007
"Eggerthella"	0	0	0	0	0	0	0.000174403395053	0	5.81344650176e-05	0	0	0	0
"Ehrlichia"	0	0	0	0	0	0	0	0	0	0	0	0	0
"Eikenella"	0	2.90672325088e-05	0	5.81344650176e-05	0	5.81344650176e-05	0	2.90672325088e-05	0	0	0.00235444583321	0.00148242885795	0
"Elizabethkingia"	0.00139522716042	2.90672325088e-05	5.81344650176e-05	0.000377874022614	0.000930151440281	0.000436008487632	0.000697613580211	0.0510129930529	0.001656832253	0.0019765718106	0	0.00220910967067	0.000784815277737
"Elusimicrobium"	0	0	0	0	0	0	0	0	0	0	0	0	0
"Ensifer"	0	2.90672325088e-05	0.000116268930035	0	0	0	0	0	0	0	0	0.000116268930035	2.90672325088e-05
"Enterobacter"	0.00438915210883	0.00325553004098	0.00505769845653	0.0072668081272	0.000581344650176	0.0338051914077	0.0118303636311	0.0162195157399	0.00752841321978	0.00369153852862	0.000436008487632	0.0103770020056	0.00546463971165
"Enterococcus"	0.00540650524664	0.00261605092579	0.003313664506	0.0101153969131	0.00645292561695	0.0141266749993	0.00526116908409	0.00901084207773	0.0120338342586	0.0162195157399	0.00122082376537	0.00674359794204	0.00366247129611
"Enterorhabdus"	0	0	0	0	0	0	0	0	0	0	0	0	0
"Escherichia/Shigella"	0.00476702613144	0.00142429439293	0.00127895823039	0.00921431270529	0.0124989099788	0.0619713397087	0.00584251373427	0.00244164753074	0.00404034531872	0.00654012731448	0.00476702613144	0.00813882510246	0.00229631136819
"Eubacterium"	0	0	5.81344650176e-05	0.000668546347702	0.00023253786007	0.00319739557597	0.000145336162544	5.81344650176e-05	8.72016975264e-05	0.000116268930035	0.000639479115193	0.000872016975264	0.000290672325088
"Exiguobacterium"	8.72016975264e-05	0.000145336162544	0.000203470627562	0.000406941255123	2.90672325088e-05	0.00212190797314	0.000581344650176	0.000523210185158	0.000842949742755	0.000174403395053	0.000610411882685	0.00168589948551	0.000842949742755
"Facklamia"	0	0	2.90672325088e-05	0.000116268930035	0	5.81344650176e-05	0	0	8.72016975264e-05	0.000116268930035	0	0	0.000116268930035
"Ferruginibacter"	0	0	0	0	0	0	0	0.000116268930035	0	0	0	0	5.81344650176e-05
"Fibrobacter"	0	0	0	0	5.81344650176e-05	0	0	0	0	0	0	0	0
"Filifactor"	0	0	0	0	0	0	0	0.000116268930035	0	0	0.000261605092579	0.000203470627562	0
"Finegoldia"	0.00915617824027	5.81344650176e-05	0.000145336162544	0.000523210185158	0.000319739557597	2.90672325088e-05	0.000174403395053	0.000348806790106	0.00183123564805	0.000348806790106	0.000174403395053	0.00642385838444	0.00139522716042
"Flavisolibacter"	0.000552277417667	5.81344650176e-05	0.000145336162544	0.00023253786007	5.81344650176e-05	0.000116268930035	8.72016975264e-05	0.000145336162544	0.00119175653286	0.000348806790106	8.72016975264e-05	2.90672325088e-05	0.000465075720141
"Flavobacterium"	0.00374967299363	0	0.00229631136819	0.00249978199576	0.00110455483533	0.00116268930035	0.00546463971165	0.000406941255123	0.0026451181583	0.00781908554487	2.90672325088e-05	0.00116268930035	0.000784815277737
"Flectobacillus"	0.000523210185158	0	0.000290672325088	0.000668546347702	2.90672325088e-05	0.00171496671802	0.000872016975264	8.72016975264e-05	0.000406941255123	0	2.90672325088e-05	0	0
"Fodinicurvata"	0	0	0	0	5.81344650176e-05	2.90672325088e-05	0	0	0	2.90672325088e-05	0	0	2.90672325088e-05
"Friedmanniella"	0	0	0.000116268930035	2.90672325088e-05	5.81344650176e-05	0	0.000145336162544	0.000319739557597	0.00107548760283	0.000145336162544	0	0.000697613580211	0.000668546347702
"Fructobacillus"	0	0	0	0	0	0	0	0	0	0	0	0	0
"Fusobacterium"	0.00148242885795	8.72016975264e-05	0.00206377350812	0.00148242885795	0.000784815277737	0.00601691712932	0.00072668081272	0.000639479115193	0.00122082376537	0.000465075720141	0.0252594250501	0.00377874022614	0.00255791646077
"Gaiella"	0.000116268930035	5.81344650176e-05	0	0	2.90672325088e-05	0.000145336162544	0.000290672325088	0.000116268930035	0.000203470627562	0.000174403395053	5.81344650176e-05	0.00095921867279	8.72016975264e-05
"Gemella"	0.00148242885795	0.000174403395053	0.000290672325088	0.00156963055547	0.0894980088946	0.00110455483533	0.000116268930035	0.0013080254629	0.00110455483533	0.000348806790106	0.00680173240706	0.00107548760283	0.00116268930035
"Gemmata"	0	0	0	0	0	0	0	2.90672325088e-05	0	0	0	0	0
"Gemmatimonas"	2.90672325088e-05	0	8.72016975264e-05	0.00023253786007	0	0	0.000290672325088	0.00023253786007	2.90672325088e-05	5.81344650176e-05	0.000116268930035	0.0019765718106	0.000406941255123
"Gemmobacter"	0.00380780745865	0.00127895823039	0.00374967299363	0.00122082376537	0.000872016975264	0.000319739557597	0.00180216841555	0.00177310118304	0.00142429439293	0.00113362206784	5.81344650176e-05	0.001656832253	0.000930151440281
"Geobacillus"	0.000145336162544	0	0	0.000436008487632	0.000145336162544	5.81344650176e-05	0.00023253786007	0.000755748045229	0.00023253786007	8.72016975264e-05	0	0	2.90672325088e-05
"Geobacter"	0.000319739557597	0	0	0	0	0	2.90672325088e-05	0	0	0	0	0	0.000174403395053
"Geodermatophilus"	5.81344650176e-05	0.000116268930035	0	0.00107548760283	0	8.72016975264e-05	5.81344650176e-05	0.000465075720141	0.000319739557597	0.00023253786007	0	0.000203470627562	0.000319739557597
"Georgenia"	0	0	0	0	0	0	8.72016975264e-05	0.000116268930035	2.90672325088e-05	0	0	2.90672325088e-05	0
"Gillisia"	0	0	0	0	0	0	0	0.000174403395053	0	0	0	0	0
"Glaciimonas"	0	0	0	8.72016975264e-05	0	0	0.000174403395053	0	0.000261605092579	0	0	0	0
"Gluconacetobacter"	0	0	0	0	0	0	0	0	0	0	0	0	0
"Gluconobacter"	0	0	0	0	0	0	0	0	0	0	0	0	0
"Gordonia"	0.000261605092579	0	5.81344650176e-05	0.000523210185158	5.81344650176e-05	0.000203470627562	8.72016975264e-05	0.000406941255123	0.000494142952649	0	0.000116268930035	0.000174403395053	0
"Gracilibacter"	0	0	0	0	0	0	0	0	0	0	0	0	0
"Granulicatella"	2.90672325088e-05	0	0.000261605092579	0.000290672325088	0.000116268930035	0.000319739557597	8.72016975264e-05	0.000174403395053	0.000174403395053	5.81344650176e-05	0.00113362206784	0.0013370926954	0.000174403395053
"Guggenheimella"	0	0	0	0	0	0	0	0	0	0	0	0	0
"Haematobacter"	0	0	0.000261605092579	0.000261605092579	0.000261605092579	0.000523210185158	0	0	0.000145336162544	2.90672325088e-05	0.000116268930035	0	0
"Haemophilus"	0.00351713513356	8.72016975264e-05	0.00212190797314	0.00319739557597	0.076039880243	0.00502863122402	0.00281952155335	0.00424381594628	0.00328459727349	0.00252884922826	0.019881987036	0.00590064819928	0.00302299218091
"Haliangium"	0	2.90672325088e-05	0	0	2.90672325088e-05	0	0	0.00023253786007	0	0	0	0	0.000203470627562
"Haliscomenobacter"	0	0	0	0	0	0	0	5.81344650176e-05	0	0	0	0	0
"Halomonas"	0	0	0	0	0	0	0	0	0	0	0	5.81344650176e-05	0
"Helcococcus"	0	0	2.90672325088e-05	0.000174403395053	0	0	0	0	0	0	0.000116268930035	0	0
"Herbaspirillum"	0	0	0	0	0	0	2.90672325088e-05	2.90672325088e-05	0	8.72016975264e-05	0	0	0.000261605092579
"Herbidospora"	0	0	0	0	0	0	0	0	2.90672325088e-05	0	0	0	0
"Herpetosiphon"	0	0	0	8.72016975264e-05	0	0	0	2.90672325088e-05	0	0	0	0	0
"Hespellia"	0	0	2.90672325088e-05	0	0	0	0	0	0	0	5.81344650176e-05	0	0
"Howardella"	0	0	0	0	0	0	0	0	0	0	0	0	0
"Hydrogenophaga"	0.00979565735546	0.00616225329186	0.0124989099788	0.00313926111095	0.00124989099788	0.00279045432084	0.0187483649682	0.00944685056536	0.00287765601837	0.00447635380635	2.90672325088e-05	0.00374967299363	0.00218004243816
"Hydrogenophilus"	0.00433101764381	0.000901084207773	0.00194750457809	0.000581344650176	0.000610411882685	0.000436008487632	0.00372060576113	0.003313664506	0.000872016975264	0.00145336162544	0	0.000784815277737	0.000901084207773
"Hymenobacter"	2.90672325088e-05	2.90672325088e-05	0.000116268930035	0	2.90672325088e-05	5.81344650176e-05	0.000145336162544	0.000465075720141	0.000377874022614	0.000145336162544	0	0.00127895823039	0.00107548760283
"Hyphomicrobium"	0	0	5.81344650176e-05	0	0	0	8.72016975264e-05	0	2.90672325088e-05	8.72016975264e-05	0	0	2.90672325088e-05
"Hyphomonas"	0	5.81344650176e-05	0	0	0	0	0	0	0	0	0	0	0
"Ignatzschineria"	0	0	0	0.000174403395053	0	0	0	0	0	0	0	0	0
"Ilumatobacter"	0	2.90672325088e-05	0	0	2.90672325088e-05	0	5.81344650176e-05	0	2.90672325088e-05	0	0	0	0
"Insolitispirillum"	0	0	0	0	0	0	0.00308112664593	0	0	0	0	0	0
"Jannaschia"	0	0	0	0	0	0	0	2.90672325088e-05	0.000203470627562	0	0	0	0
"Jeotgalicoccus"	0	0	0	0	0.000174403395053	0	0	0.000261605092579	0.000348806790106	5.81344650176e-05	5.81344650176e-05	0.000203470627562	0.000116268930035
"Jiangella"	0	0	0	0	0	0	0	0	0	0	0	0	2.90672325088e-05
"Jonesia"	0	0	0	0	0	0	0	0	0	0	0	0	0
"Kaistia"	0	0	0	0	0	0	0	0	2.90672325088e-05	0	0	0	2.90672325088e-05
"Kineococcus"	0	0	0	2.90672325088e-05	0	0	0	2.90672325088e-05	0	2.90672325088e-05	0	0	8.72016975264e-05
"Kineosporia"	0	2.90672325088e-05	0	0	2.90672325088e-05	0	0.000145336162544	2.90672325088e-05	2.90672325088e-05	2.90672325088e-05	0.000145336162544	0.000668546347702	0.000261605092579
"Kingella"	8.72016975264e-05	0	0	0	2.90672325088e-05	8.72016975264e-05	0	2.90672325088e-05	0.000116268930035	0	0.0160160451123	0.000639479115193	0.000145336162544
"Klebsiella"	0	2.90672325088e-05	0	0	0	0	0	8.72016975264e-05	0	0	0	0	0
"Kocuria"	0.00072668081272	8.72016975264e-05	0.000261605092579	0.00473795889893	0.000174403395053	0.00459262273639	0.000174403395053	0.000174403395053	0.00215097520565	0.00095921867279	0.000988285905299	0.00255791646077	0.00180216841555
"Kribbella"	0	0	0	0	0	0	0	0	2.90672325088e-05	0	0	5.81344650176e-05	0
"Ktedonobacter"	0	0	0	0	0	0	0	8.72016975264e-05	5.81344650176e-05	0	0	0	0
"Kurthia"	0.000261605092579	0.00023253786007	0.000319739557597	2.90672325088e-05	0.000145336162544	0	0.000319739557597	0.000290672325088	0.000290672325088	0	0	2.90672325088e-05	0
"Kytococcus"	0	0	0	2.90672325088e-05	5.81344650176e-05	0	0	2.90672325088e-05	2.90672325088e-05	0	0	0.000261605092579	8.72016975264e-05
"Labrys"	0	0	0	0	0	0	2.90672325088e-05	0	0	0	0	0	0
"Laceyella"	0	0	5.81344650176e-05	0	0	0	0	0	0	0	0	0	0
"Lactobacillus"	0.0013080254629	0.000842949742755	0.000261605092579	0.00715053919716	0.00700520303462	0.00508676568904	0.00491236229399	0.00174403395053	0.00654012731448	0.0292997703689	0.00482516059646	0.024852483795	0.00523210185158
"Lactococcus"	0.00119175653286	5.81344650176e-05	0.000145336162544	0.000755748045229	0.000465075720141	0.00142429439293	0.00107548760283	0.00095921867279	0.00119175653286	0.000494142952649	0.000610411882685	0.000552277417667	0.00171496671802
"Larkinella"	0	0	0	0	0	0	0	0	0.000290672325088	0	0	0	0
"Lechevalieria"	0	0	0	0.000523210185158	2.90672325088e-05	0	0.000261605092579	5.81344650176e-05	0.000203470627562	8.72016975264e-05	0	8.72016975264e-05	2.90672325088e-05
"Legionella"	0	0.000261605092579	5.81344650176e-05	0	8.72016975264e-05	0	0.000290672325088	8.72016975264e-05	2.90672325088e-05	0	0	8.72016975264e-05	0
"Leifsonia"	0	0	0	0	0	0	5.81344650176e-05	8.72016975264e-05	0	0	0	0	0
"Leptotrichia"	0.00095921867279	2.90672325088e-05	0.000174403395053	0.00287765601837	0.000116268930035	0.000930151440281	0.000145336162544	0.000145336162544	0.000610411882685	0.000436008487632	0.0772316367759	0.00226724413569	0.000581344650176
"Leucobacter"	0	0	0.000116268930035	0	0	0	0	5.81344650176e-05	0.000174403395053	0	0	0.000261605092579	0.000203470627562
"Leuconostoc"	0.00639479115193	0	0.000145336162544	0.000290672325088	0.000436008487632	0.00136615992791	0.000668546347702	0.000784815277737	0.0113362206784	0.00162776502049	0.00107548760283	0.00203470627562	0.000319739557597
"Limnohabitans"	8.72016975264e-05	0.000174403395053	8.72016975264e-05	5.81344650176e-05	0	0	8.72016975264e-05	0	2.90672325088e-05	5.81344650176e-05	0	0	0
"Litorilinea"	0	0	0	5.81344650176e-05	0	0	0	0	0	0	0	0	0
"Luteibacter"	0	0	0	2.90672325088e-05	0	0	0	0	0	0	0	0	0
"Luteimonas"	0	0	0.000348806790106	0	5.81344650176e-05	0	0	0	2.90672325088e-05	0	0	0	0.00023253786007
"Luteococcus"	0	0	0	0	0	0	0	0	0	0	0	0	2.90672325088e-05
"Luteolibacter"	0	0	0	0	0	0	0	0	0	0	0	0	5.81344650176e-05
"Lutispora"	0	0	0	0	2.90672325088e-05	0	0	0	0	8.72016975264e-05	0	0	2.90672325088e-05
"Lysobacter"	0.00944685056536	0.0102898003081	0.0311019387844	0.0118884980961	0.00572624480423	0.00880737145016	0.00590064819928	0.00994099351801	0.00543557247914	0.0106676743307	5.81344650176e-05	0.00406941255123	0.0116268930035
"Macrococcus"	0	0	2.90672325088e-05	0	2.90672325088e-05	0.000174403395053	0.0095921867279	0.0461296979915	0.000145336162544	0.000145336162544	0	0.00095921867279	0.000465075720141
"Marinobacter"	0	0	0	0	0	0	0	0	0	0	0	0	0
"Marinomonas"	0.0135162631166	0.000145336162544	2.90672325088e-05	0.00302299218091	5.81344650176e-05	0.00154056332297	0.00177310118304	0.00316832834346	0.0422928233003	0.00249978199576	8.72016975264e-05	0.00101735313781	0.00180216841555
"Marmoricola"	0	0	8.72016975264e-05	8.72016975264e-05	5.81344650176e-05	0	0	0	0.000145336162544	0	0	0	0
"Marvinbryantia"	0	0	0	0	5.81344650176e-05	0.000261605092579	0	0	0	0	0	0	0
"Massilia"	0.000610411882685	0.00171496671802	0.00191843734558	0.000872016975264	0.000203470627562	0.00110455483533	0.00261605092579	0.00342993343604	0.000552277417667	0.00174403395053	0.000116268930035	0.00110455483533	0.0039822108537
"Megamonas"	0	0	0	2.90672325088e-05	0	0	0	0	0	0.00023253786007	0	0	8.72016975264e-05
"Megasphaera"	5.81344650176e-05	0	0	0	0	0	0	0	0	0	0	0	5.81344650176e-05
"Meiothermus"	0	0	5.81344650176e-05	0	0	0	0	0	0	0	0	0	0
"Mesorhizobium"	0	0	5.81344650176e-05	0	0	0.00119175653286	8.72016975264e-05	0.000174403395053	0.000348806790106	0.000116268930035	0	0.000145336162544	0.000406941255123
"Methylobacillus"	0	0	0	0	0	0	0	0	0	0	0	0	0
"Methylobacterium"	0.00095921867279	0.00113362206784	0.00200563904311	0.00444728657385	0.000901084207773	0.00633665668692	0.00322646280848	0.00151149609046	0.00293579048339	0.00218004243816	0.000494142952649	0.00383687469116	0.00450542103886
"Methylocystis"	0.000145336162544	0	0	0	0	0	5.81344650176e-05	0	0	8.72016975264e-05	0	0	0.000436008487632
"Methylophilus"	0	0	2.90672325088e-05	0	0	0	0	0	0	0	0	0	0
"Methylosinus"	0	0	0	0	0	0	0	2.90672325088e-05	2.90672325088e-05	0	0	0.000174403395053	0.000116268930035
"Methylovorus"	0	0	0	0	0	0	2.90672325088e-05	0	0	0	0	0	0
"Microbacterium"	0.000494142952649	0.000639479115193	0.000290672325088	0.00072668081272	0.000988285905299	0.00142429439293	0.00095921867279	0.000813882510246	0.000610411882685	0.000494142952649	0.000290672325088	0.00154056332297	0.000755748045229
"Micrococcus"	0.000842949742755	0.000203470627562	0.000406941255123	0.00171496671802	0.000465075720141	0.00191843734558	0.000988285905299	0.00162776502049	0.00392407638869	0.00238351306572	0.00203470627562	0.00415661424876	0.00424381594628
"Microlunatus"	2.90672325088e-05	0	8.72016975264e-05	0	0	0	8.72016975264e-05	0	0.000203470627562	0.000116268930035	0	0	0.000581344650176
"Micromonospora"	0	0	0	0	0	0	0	0	2.90672325088e-05	0	0	0	8.72016975264e-05
"Microvirga"	0.000581344650176	2.90672325088e-05	0.000261605092579	0.000348806790106	0	0.00110455483533	0.000581344650176	0.000319739557597	0.00023253786007	0.000406941255123	0	0.00139522716042	0.000552277417667
"Mobiluncus"	0	0	0	0	0	0	0	0	0	0	0.000145336162544	0	0
"Modestobacter"	0	0	0	0.000116268930035	2.90672325088e-05	0.000116268930035	0.000116268930035	0	0	2.90672325088e-05	0	0	0.000116268930035
"Mogibacterium"	0.000116268930035	0	2.90672325088e-05	0	8.72016975264e-05	0.00238351306572	0.000203470627562	0	2.90672325088e-05	0	2.90672325088e-05	0.000813882510246	0
"Moheibacter"	0	0	0	0	0	0	0	0	0	0	0	0	0
"Moraxella"	5.81344650176e-05	0	0	0	0	0	0	2.90672325088e-05	0.000261605092579	0	0	0	0
"Morganella"	0.000116268930035	0.000116268930035	2.90672325088e-05	0	2.90672325088e-05	0	0	0	0	0	0	2.90672325088e-05	0
"Mucilaginibacter"	0	0.000203470627562	0.000116268930035	0	0	0	0	0	0.000174403395053	0.000348806790106	0	0.000261605092579	5.81344650176e-05
"Murdochiella"	0	0	0	0	0	0	0	0	0	0	2.90672325088e-05	0	0
"Mycobacterium"	0.000406941255123	0.000203470627562	0.000377874022614	0.000116268930035	0.000755748045229	0.00023253786007	0.000755748045229	0.000261605092579	0.000348806790106	8.72016975264e-05	2.90672325088e-05	0.000901084207773	0.000261605092579
"Mycoplasma"	0	0	0	0	2.90672325088e-05	0	2.90672325088e-05	0	0	0	0	0	0
"Myroides"	0	0	0	0.000290672325088	0	0	0	0	0	0	0	0	0
"Nakamurella"	0	0	0	0	0	0.00023253786007	0.00023253786007	0	0	0	0	5.81344650176e-05	2.90672325088e-05
"Nannocystis"	0	0	0	0	0	0	0	0	0	0	0	0	0
"Naxibacter"	0.000639479115193	0.0065982617795	0.00985379182048	0.00159869778798	0.00116268930035	0.00180216841555	0.0120047670261	0.0136325320466	0.00220910967067	0.00305205941342	0.000436008487632	0.0120338342586	0.0076156149173
"Neisseria"	0.00325553004098	0	0.000813882510246	0.00505769845653	0.00668546347702	0.00235444583321	0.00072668081272	0.000523210185158	0.00342993343604	0.00110455483533	0.12513443595	0.00392407638869	0.00249978199576
"Nesterenkonia"	5.81344650176e-05	0	5.81344650176e-05	0.000290672325088	0.000755748045229	5.81344650176e-05	8.72016975264e-05	0.000261605092579	0.000145336162544	0.000872016975264	8.72016975264e-05	0.000261605092579	0.000203470627562
"Nevskia"	0.000145336162544	0	0	0	0	0	0	0	0	0	0	0	0
"Niabella"	0	0	0	0	0	0	0	0	0	0	0	0	0
"Niastella"	0	0	0	0	0	0	0	0	0	2.90672325088e-05	0	0	0.000145336162544
"Nitrosomonas"	0	0	0	0	0	0	0	0	0	0	0	0	0
"Nitrospira"	0	0	2.90672325088e-05	0	0	0	0	0	0	0	0	0	0
"Nocardioides"	0.000174403395053	0.000261605092579	0.000174403395053	0.000290672325088	8.72016975264e-05	0.00168589948551	0.000668546347702	0.000581344650176	0.00151149609046	0.000319739557597	0	0.00139522716042	0.00209284074063
"Novosphingobium"	0.00840043019504	0.003313664506	0.00755748045229	0.00186030288056	0.0023253786007	0.00267418539081	0.0072668081272	0.00918524547278	0.00305205941342	0.0046216899689	0.000145336162544	0.00970845565794	0.00404034531872
"Oceanibaculum"	0	0	0	0	0	0	0	0	0	0	0	0	0
"Oceanisphaera"	0	0	0	0	0	0	0	0	0	0	0	0	0
"Ochrobactrum"	8.72016975264e-05	5.81344650176e-05	8.72016975264e-05	0.000523210185158	2.90672325088e-05	0.000116268930035	0	0.000145336162544	0.0039531436212	2.90672325088e-05	0	0	0.000348806790106
"Odoribacter"	0	0	0	0	0	8.72016975264e-05	0	0	0	0	0	0	0
"Oerskovia"	0	0	2.90672325088e-05	2.90672325088e-05	0	2.90672325088e-05	8.72016975264e-05	5.81344650176e-05	2.90672325088e-05	5.81344650176e-05	5.81344650176e-05	0.000116268930035	0.000116268930035
"Oligella"	0	0	0	0.000523210185158	0	0	0	5.81344650176e-05	0	0	0	0	0
"Olivibacter"	0	0	0	0	0	0	0	0	0	0	0	0	0
"Olsenella"	2.90672325088e-05	0	0	0.000145336162544	0	0.000174403395053	0	0	2.90672325088e-05	0.000174403395053	0	0	0
"Orbus"	0	0	0	0	0	0	0	0	0	0	0	0	0
"Ornithinimicrobium"	5.81344650176e-05	0	0	0	0	0	0	2.90672325088e-05	0	0.000203470627562	5.81344650176e-05	0	5.81344650176e-05
"Oscillibacter"	0	0	0	0	0.000145336162544	0	0.00023253786007	0	0	0	0	0	0
"Oscillochloris"	0	0	2.90672325088e-05	0	0	0	0	8.72016975264e-05	0	0	0	0	0
"Not Assigned"	0.02828241723106	0.0806034357468604	0.0302589890416886	0.081562654419738	0.0467982443391232	0.03368892247767	0.045751823968838	0.0217132226840638	0.0364503095660244	0.0291544342063126	0.0713019213440846	0.0524663546783262	0.0701682992762656
"Oxalicibacterium"	0	0	0	0	0	0	5.81344650176e-05	0	0	0	0	0	0.000116268930035
"Paenibacillus"	0.0126442461413	0.00607505159434	0.00738307705723	0.00898177484522	0.0036334040636	0.00470889166642	0.0112199517484	0.00630758945441	0.00901084207773	0.00374967299363	0	0.00249978199576	0.00267418539081
"Paludibacter"	0.00023253786007	0	0	0	0	5.81344650176e-05	0	0.000203470627562	0	0.000145336162544	0.000145336162544	0.000581344650176	0.000174403395053
"Pandoraea"	0	0	0	0	0	0	0	2.90672325088e-05	0	0	0	0	0
"Pantoea"	0.000465075720141	0.00104642037032	0.00023253786007	0.000668546347702	0.000116268930035	0.000930151440281	0.000406941255123	0.000523210185158	0.000610411882685	0.00145336162544	0.000406941255123	0.000697613580211	0.00095921867279
"Parabacteroides"	0.000261605092579	0.000174403395053	2.90672325088e-05	0.000610411882685	5.81344650176e-05	0.000116268930035	0.000116268930035	5.81344650176e-05	2.90672325088e-05	0.000319739557597	0.0113362206784	0	0.00023253786007
"Parachlamydia"	0	0	5.81344650176e-05	0	0	0	0	2.90672325088e-05	0	0	0	0	0
"Paracoccus"	0.000581344650176	0.000377874022614	0.0161904485074	0.00389500915618	0.000784815277737	0.00258698369328	0.00935964886783	0.00235444583321	0.00889457314769	0.011597825771	0.00293579048339	0.00139522716042	0.00738307705723
"Parapedobacter"	0	0	0	0	0	0	0	0	0	0	0	0	0
"Parvibaculum"	0	0	0	0	5.81344650176e-05	0	0	0	0	0	0	0	0
"Pasteurella"	0	0	0	0	0	0	0	5.81344650176e-05	0	0	0.000348806790106	0	0
"Patulibacter"	0	0	8.72016975264e-05	0	0	2.90672325088e-05	0	2.90672325088e-05	2.90672325088e-05	0	0	0.000319739557597	0.000174403395053
"Pediococcus"	0	0	0	0	0	0	2.90672325088e-05	0	0	0	0	0	0
"Pedobacter"	0.000174403395053	0	0.000145336162544	0	0	0.00023253786007	0	8.72016975264e-05	0.00023253786007	0.000494142952649	0	0	0.00023253786007
"Pedomicrobium"	0	0	0	0	0	0	0	0	0	0	0	0	0
"Pelomonas"	0	0	0	0	0	0.00113362206784	0	0	0	0	0	8.72016975264e-05	0.000116268930035
"Pelosinus"	0	0	0	0	0	0	0	0	0	0	0	0	0
"Peptococcus"	0	0	5.81344650176e-05	0.000116268930035	0.000174403395053	0	0	2.90672325088e-05	0	0	2.90672325088e-05	0	0
"Peptoniphilus"	0.00534837078162	5.81344650176e-05	0.00023253786007	0.000697613580211	0.000116268930035	0.00168589948551	0.000465075720141	0.000116268930035	0.00351713513356	0.000552277417667	0.000348806790106	0.00151149609046	0.00168589948551
"Peptostreptococcus"	0.000261605092579	0	0.000174403395053	0	0.000145336162544	0.000145336162544	0	0.000145336162544	8.72016975264e-05	0.000203470627562	0	0	5.81344650176e-05
"Phaselicystis"	0	0	0	0	0	0	0	2.90672325088e-05	0	0	0	0	0
"Phenylobacterium"	0	5.81344650176e-05	0.000465075720141	0	8.72016975264e-05	0.00113362206784	0.00348806790106	0.000261605092579	0.000842949742755	0.000203470627562	0	0.00023253786007	0.000436008487632
"Phocaeicola"	0	0	0	0	0	0	0	0	0	0	0	0	0
"Photobacterium"	0	0	2.90672325088e-05	0.000465075720141	0	0	0	0.00122082376537	0	8.72016975264e-05	0.000145336162544	0.000145336162544	8.72016975264e-05
"Phycicoccus"	0	0	0	0	2.90672325088e-05	0	0.000116268930035	0	5.81344650176e-05	2.90672325088e-05	0	0	0
"Phyllobacterium"	8.72016975264e-05	0	0	0	2.90672325088e-05	0	0	0	0	0	0	0	0
"Pirellula"	0	0	0	0	0	0	0	0	0	0	0	0	0
"Planifilum"	0	0	2.90672325088e-05	0	0	0	0	0	0	0	0	0	0
"Polynucleobacter"	0	8.72016975264e-05	0.000145336162544	8.72016975264e-05	0	0	0	2.90672325088e-05	0	2.90672325088e-05	0	0	0
"Pontibacter"	0	0	0	0	0	0	0	0	0	5.81344650176e-05	0	0	0
"Porphyrobacter"	0	0	0	0	0	0	0	0	0	0	2.90672325088e-05	0.000261605092579	0
"Porphyromonas"	0.000552277417667	0.000116268930035	0.000290672325088	0.000755748045229	0.000523210185158	0.00168589948551	0.000203470627562	0.00101735313781	0.00072668081272	0.000755748045229	0.00723774089469	0.00191843734558	0.000784815277737
"Prevotella"	0.00802255617243	0.00116268930035	0.00180216841555	0.00523210185158	0.0127314478389	0.0231084498445	0.00630758945441	0.00212190797314	0.00401127808621	0.00470889166642	0.0029648577159	0.0134290614191	0.00499956399151
"Propionibacterium"	0.0622910792663	0.00444728657385	0.0110455483533	0.127721419644	0.0368281835886	0.134261546958	0.00994099351801	0.0194169113159	0.17483940354	0.0360143010784	0.0550533383717	0.121675435282	0.0251722233526
"Propionispora"	2.90672325088e-05	0	0	0	0	0	8.72016975264e-05	0	2.90672325088e-05	0	0	0	0
"Propionivibrio"	0	0	0	5.81344650176e-05	2.90672325088e-05	0	0	0	0	0	0	0	0
"Prosthecobacter"	0	0	0	0	0	0	0	0	0	0	0	0	0
"Prosthecomicrobium"	2.90672325088e-05	0	0	0	0	0	0	0	0	0	0	0	0
"Proteus"	0.000465075720141	0	0	0	0	0	0	2.90672325088e-05	0	0	0	0	0
"Providencia"	0	0	0	0	0	0	0	0	0	0	0	0	0
"Pseudoalteromonas"	0	0	0	0	0	0	0	0	0	0	0	0	0
"Pseudobutyrivibrio"	0	0	0	0.000116268930035	2.90672325088e-05	0	0.00023253786007	0	0	0	2.90672325088e-05	0	0
"Pseudokineococcus"	5.81344650176e-05	0	0	0	0	0	5.81344650176e-05	0	0	2.90672325088e-05	0	0	2.90672325088e-05
"Pseudomonas"	0.0138941371392	0.00581344650176	0.0263639798855	0.0116268930035	0.021596953754	0.0229049792169	0.0306659302968	0.0233700549371	0.00671453070953	0.016626456995	0.00247071476325	0.0357526959858	0.110339214603
"Pseudonocardia"	0	0.00023253786007	0.00023253786007	5.81344650176e-05	5.81344650176e-05	0	8.72016975264e-05	0.000261605092579	0.000203470627562	0.000174403395053	0.000203470627562	0.000290672325088	0.00369153852862
"Pseudorhodoferax"	0.000174403395053	0	5.81344650176e-05	0	0	0	8.72016975264e-05	5.81344650176e-05	0	0	0	0	0
"Pseudoxanthomonas"	0.0202017265936	0.00328459727349	0.0100281952155	0.00552277417667	0.00915617824027	0.0109292794233	0.00505769845653	0.00505769845653	0.0076156149173	0.00322646280848	2.90672325088e-05	0.00302299218091	0.00319739557597
"Psychrobacter"	0.00023253786007	8.72016975264e-05	2.90672325088e-05	2.90672325088e-05	2.90672325088e-05	0	0.000116268930035	0	0.001656832253	5.81344650176e-05	0	0	0
"Psychromonas"	0	0	0	0.000116268930035	0	0.000406941255123	0	0	0.000174403395053	0	0	0	0
"Pyramidobacter"	0	0	0	0	0	0	0	0	0	0	0	0	0
"Ralstonia"	0.000145336162544	2.90672325088e-05	0.000174403395053	0.000755748045229	8.72016975264e-05	0.001656832253	0.000116268930035	5.81344650176e-05	0.000116268930035	0.000319739557597	8.72016975264e-05	0.00168589948551	0.00023253786007
"Ramlibacter"	5.81344650176e-05	5.81344650176e-05	2.90672325088e-05	0	0	0	5.81344650176e-05	8.72016975264e-05	0	2.90672325088e-05	0	0	2.90672325088e-05
"Rheinheimera"	2.90672325088e-05	0	0.000145336162544	8.72016975264e-05	0	0	0.00247071476325	0.000348806790106	2.90672325088e-05	0	0	0.000494142952649	0
"Rhizobacter"	0	0	0	0	0	0	0	0	0	0	2.90672325088e-05	2.90672325088e-05	0
"Rhizobium"	0.000377874022614	0.000348806790106	0.00104642037032	0.00156963055547	0.000901084207773	0.00122082376537	0.000784815277737	0.000261605092579	0.000610411882685	0.00191843734558	0.000145336162544	0.000436008487632	0.00191843734558
"Rhodobium"	0	0	0	0	5.81344650176e-05	0	0	0	0	0	0	0	0
"Rhodocista"	0	0	0	0	0	0	0	8.72016975264e-05	0	0	0	0	0
"Rhodococcus"	0	5.81344650176e-05	0	5.81344650176e-05	5.81344650176e-05	0.000668546347702	0	2.90672325088e-05	2.90672325088e-05	0	0	0	2.90672325088e-05
"Rhodocyclus"	0	0	0	0	0	0	0	0	0	0	0	0	0
"Rhodocytophaga"	0	0	0	0	0	0	0	0	0	5.81344650176e-05	0	0.000523210185158	0
"Rhodopila"	0.000261605092579	0	0.000174403395053	0.000261605092579	0	0	5.81344650176e-05	0.000174403395053	0.000203470627562	0.000174403395053	0	0	0.000552277417667
"Rhodoplanes"	0	0	0	0	0	2.90672325088e-05	0.000174403395053	2.90672325088e-05	5.81344650176e-05	2.90672325088e-05	0	0	5.81344650176e-05
"Rhodopseudomonas"	0	0.000319739557597	2.90672325088e-05	0	0	0	5.81344650176e-05	0	0	2.90672325088e-05	0	0	0
"Rhodovulum"	0.000145336162544	0.000174403395053	0.000377874022614	2.90672325088e-05	0	2.90672325088e-05	5.81344650176e-05	0	0.000116268930035	0	0	0	2.90672325088e-05
"Rickettsia"	0.000116268930035	0	0	0	0	0	0	0	0	0	0	0	0.000145336162544
"Riemerella"	0	0	2.90672325088e-05	0	0	0	0	0	0	0	0	0	0
"Rikenella"	0	0	0	0	2.90672325088e-05	0	0	0	0	0	0	0	2.90672325088e-05
"Roseburia"	0	0.00023253786007	0	2.90672325088e-05	0.000755748045229	0.00258698369328	0.000203470627562	0	0.000203470627562	0.000116268930035	8.72016975264e-05	0	0.00023253786007
"Roseivirga"	0	0	0	0	0	0	0	0	0	0	0	0	2.90672325088e-05
"Roseomonas"	5.81344650176e-05	0.00023253786007	0.00174403395053	0.00124989099788	5.81344650176e-05	5.81344650176e-05	0.00023253786007	0.000261605092579	0.00124989099788	0.000377874022614	0.00107548760283	0.000930151440281	0.0129639856989
"Rothia"	0.00311019387844	0.000116268930035	0.00142429439293	0.00139522716042	0.00171496671802	0.00241258029823	0.000494142952649	0.00345900066855	0.00203470627562	0.00104642037032	0.0107258087957	0.00796442170741	0.00229631136819
"Rubellimicrobium"	0.000174403395053	0	0.000377874022614	0.00270325262332	0.000174403395053	0	5.81344650176e-05	0.000610411882685	0.00421474871377	0.000348806790106	0.000203470627562	5.81344650176e-05	0.00072668081272
"Rubrobacter"	2.90672325088e-05	0	0	2.90672325088e-05	0	0.000174403395053	0.000145336162544	0	5.81344650176e-05	0	0	0	0.000377874022614
"Ruminococcus"	0.000377874022614	0	0	0.000261605092579	0.00095921867279	0	0.000436008487632	0.000174403395053	2.90672325088e-05	0	0	0	0
"Ruminococcus2"	0	0	0	0	0.000145336162544	2.90672325088e-05	0.000145336162544	0	0	0	0	0	0
"Runella"	0.000145336162544	0	8.72016975264e-05	0	2.90672325088e-05	0	0.000348806790106	5.81344650176e-05	8.72016975264e-05	0.000116268930035	0	0	0
"Saccharibacillus"	0	0	0	0	2.90672325088e-05	0	0	0	2.90672325088e-05	8.72016975264e-05	0	0	0
"Saccharopolyspora"	0	0	0	0	0	0	5.81344650176e-05	0	0	0	0	0	0
"Saccharothrix"	0	0	0	0	2.90672325088e-05	0	0	0	0	0	0	0	0
"Salinarimonas"	0	0	0	2.90672325088e-05	0	0	2.90672325088e-05	0	0	0	0	0.000610411882685	0
"Salinicoccus"	5.81344650176e-05	5.81344650176e-05	0	0.000203470627562	0.000261605092579	0	0.00023253786007	0.000174403395053	0.00101735313781	0.000436008487632	0.000203470627562	0.00148242885795	0.000988285905299
"Salinivibrio"	0.000145336162544	0.000145336162544	8.72016975264e-05	0.000116268930035	5.81344650176e-05	0	5.81344650176e-05	0.000174403395053	0.000406941255123	2.90672325088e-05	0	0.000494142952649	5.81344650176e-05
"Salmonella"	0.000174403395053	0.000755748045229	0.000319739557597	8.72016975264e-05	0	0.000813882510246	0.000406941255123	0.000872016975264	5.81344650176e-05	0.00023253786007	0	0.000290672325088	0.000116268930035
"Sanguibacter"	0	0	0	0	0	0	0	0	0	0	0	0	0
"Scardovia"	0	5.81344650176e-05	0	0	0	8.72016975264e-05	0	0	0	0	8.72016975264e-05	0.00095921867279	0
"Sediminibacterium"	0.00023253786007	0.000842949742755	2.90672325088e-05	0	0.000174403395053	0	8.72016975264e-05	0.000261605092579	0.000145336162544	0	0	0	0.00072668081272
"Segetibacter"	0.00023253786007	0	2.90672325088e-05	0	0	0	0	0.00023253786007	0.000145336162544	8.72016975264e-05	0	2.90672325088e-05	2.90672325088e-05
"Selenomonas"	0.00110455483533	0	2.90672325088e-05	0.000116268930035	0.000116268930035	0.000116268930035	8.72016975264e-05	8.72016975264e-05	0	5.81344650176e-05	0.000377874022614	0.00113362206784	8.72016975264e-05
"Serratia"	0.00124989099788	2.90672325088e-05	0.000145336162544	0.0013370926954	0.00159869778798	0.0950498503038	0.0029648577159	0.00348806790106	0.000930151440281	0.000610411882685	0	0.000494142952649	0.000436008487632
"Shewanella"	2.90672325088e-05	0	0	0	0	0	0.00145336162544	0	8.72016975264e-05	0	0	0	2.90672325088e-05
"Shimazuella"	0	0	0	0	0	0	0.000145336162544	0	0	0	0	0	2.90672325088e-05
"Singulisphaera"	0	0	0	0	0	0	0	0	0	0	0	0	0
"Skermanella"	0.00215097520565	0.000174403395053	0.000465075720141	0.00177310118304	5.81344650176e-05	0.000174403395053	0	0	0.00148242885795	0.00119175653286	0	0	0.000319739557597
"Slackia"	5.81344650176e-05	0	0	0	0	0	0	0	0	0	0	0	2.90672325088e-05
"Solirubrobacter"	0	0	0	0	2.90672325088e-05	0	0	0	0.000145336162544	0	0	0.000523210185158	0.000174403395053
"Solitalea"	0	0.000116268930035	0	0	0	0	0	0	0	0	0	0	0
"Sphaerotilus"	0	0	0	0	0	0	0.000523210185158	0	0	0	0	0	0
"Sphingobacterium"	0	0.000261605092579	5.81344650176e-05	0.00322646280848	5.81344650176e-05	2.90672325088e-05	5.81344650176e-05	0.000261605092579	0.00072668081272	0.00072668081272	0.000261605092579	0.000174403395053	0.000377874022614
"Sphingobium"	0.00476702613144	0.00372060576113	0.00494142952649	0.00244164753074	0.00203470627562	0.000319739557597	0.00514490015406	0.00401127808621	0.00241258029823	0.0193878440834	0.00023253786007	0.0013370926954	0.00325553004098
"Sphingomonas"	0.001656832253	0.00162776502049	0.00218004243816	0.00581344650176	0.000901084207773	0.0128767840014	0.00337179897102	0.00427288317879	0.00642385838444	0.00813882510246	0.00136615992791	0.0109874138883	0.00970845565794
"Sphingopyxis"	0	0.000174403395053	5.81344650176e-05	0.000116268930035	5.81344650176e-05	0	0	0	0	0.000116268930035	0	0	2.90672325088e-05
"Spiroplasma"	0	0	0	0	0	0	0	0	0	0	0	0	0
"Spirosoma"	0	0	2.90672325088e-05	0	0	0	0.00110455483533	0.000377874022614	0.000116268930035	0	0	0	0.00023253786007
"Sporichthya"	0	0	0	5.81344650176e-05	0	0	0	0	0	0	0	0	0
"Sporobacter"	0	0.000552277417667	0	0	0.00151149609046	0.00348806790106	0.000523210185158	0	0	0.000261605092579	0	0	0
"Sporomusa"	0	0	0	0	0	0	0	0	0	0	0	0	0
"Sporosarcina"	0	8.72016975264e-05	0	0	0	0	0	0	0	0	0	0	0
"Staphylococcus"	0.0419730837427	0.027991744906	0.0161613812749	0.0809813097695	0.144638548964	0.0453448827137	0.0591808853879	0.0577275237625	0.0885678574543	0.0337179897102	0.0214516175915	0.0968520187193	0.0328169055024
"Stella"	0	0	0	0	0	0	0	0	0	0	0	0	2.90672325088e-05
"Stenotrophomonas"	0.0019765718106	0.00220910967067	0.0039822108537	0.004970496759	0.159840711566	0.0199691887335	0.031421678342	0.0148242885795	0.00441821934134	0.00758654768479	0.00104642037032	0.0342993343604	0.146062843357
"Steroidobacter"	0	0	0	0	0	0	8.72016975264e-05	0	2.90672325088e-05	0	0	0	0
"Streptococcus"	0.0360433683109	0.00252884922826	0.0118012963986	0.0495596314275	0.0538325146063	0.0320320902247	0.0121210359562	0.0661860884225	0.0388919570968	0.0210156091039	0.0720576693893	0.0644711217045	0.0261023747929
"Streptomonospora"	0	0	0	0	0	0	0	0	0	5.81344650176e-05	0	0	2.90672325088e-05
"Streptomyces"	8.72016975264e-05	0	2.90672325088e-05	0	0	0	0	0	5.81344650176e-05	8.72016975264e-05	0	0	2.90672325088e-05
"Succinivibrio"	2.90672325088e-05	5.81344650176e-05	0	0	2.90672325088e-05	0.000145336162544	0	0	0	0	0	0	0
"Sulfurospirillum"	0	0	0	8.72016975264e-05	0	0	2.90672325088e-05	0	0	0	0	0	0
"Suttonella"	0	0	0	0	0	0	0	0	0.000116268930035	0	0	0	0
"Symbiobacterium"	0	0	0	0	0	0	0	0	0	0	0	0	0
"Syntrophobotulus"	0	0	0	0.000116268930035	0	0.00023253786007	0	0	0	0	0	0	0
"Telmatocola"	0	0	0	0	0	0	0	0	0	0	0	0.00023253786007	0
"Tepidimicrobium"	0	0	0	0	0	0	0	0	0	0	0	0	0.000348806790106
"Tepidimonas"	0.0126442461413	0.00767374938232	0.0136034648141	0.00418568148127	0.00168589948551	0.00502863122402	0.0326425021074	0.0169461965526	0.00311019387844	0.0039531436212	0.00023253786007	0.00488329506148	0.00610411882685
"Terrabacter"	0	0	0	2.90672325088e-05	0	0	0	0	0	5.81344650176e-05	0	0	0.000203470627562
"Terrimonas"	5.81344650176e-05	0	0	0	0	0	0	0	0	0	0	0	0.000145336162544
"Tessaracoccus"	0	0	0	0	0	0	0	0	5.81344650176e-05	2.90672325088e-05	2.90672325088e-05	0	0
"Thauera"	0.00156963055547	0.00127895823039	0.00215097520565	0.000581344650176	0.000261605092579	0.000174403395053	0.003313664506	0.00162776502049	0.000436008487632	0.000581344650176	0	0.000842949742755	0.00095921867279
"Thermicanus"	0	0	0	0	0	0	0	8.72016975264e-05	0	0	0	0	0
"Thermoactinomyces"	0	0	0	0	0	0	0	0	0.000116268930035	0.000406941255123	0	0	0
"Thermoanaerobacterium"	0	0	0	0	0	0	0	0	0	0	0	0	0
"Thermobacillus"	0	0	0	0	0	0	0	0	0.000174403395053	0	0	0	0
"Thermodesulfovibrio"	0	0	0	0	0	0	8.72016975264e-05	0	0	0	0	0	0
"Thermohydrogenium"	0	0	0	0	0	0	0	0	0	0	0	0	0
"Thermomonas"	0.0356073598233	0.0113652879109	0.0258407697003	0.0138069354417	0.0122954393512	0.0125570444438	0.0390372932593	0.0220620294742	0.0155509693922	0.00941778333285	0.000116268930035	0.00834229573002	0.00828416126501
"Thermus"	0	0	0	0	5.81344650176e-05	0	2.90672325088e-05	0	8.72016975264e-05	0	0	0.00023253786007	0
"Thioalkalivibrio"	0	0	0	0	0	0	0	0	0	0	0	0	0
"Thiobacillus"	0	0	0	0	0	0	0	0	0	0	0	0	0
"Tissierella"	0	0	0	0	0	0	0	0	0	0	0	0	0
"Tolumonas"	0	2.90672325088e-05	5.81344650176e-05	8.72016975264e-05	0	0	0.000145336162544	0	0.00023253786007	0	5.81344650176e-05	0	0
"Treponema"	0	0	5.81344650176e-05	0.000872016975264	0	5.81344650176e-05	0.000639479115193	0	0.000145336162544	0.000116268930035	5.81344650176e-05	0.000377874022614	0.00162776502049
"Trichococcus"	0	0.000116268930035	0	0	0	0	2.90672325088e-05	0	0	0	0	0	0
"Truepera"	0	0	0	0.000116268930035	2.90672325088e-05	0	0.000901084207773	0	0.000116268930035	8.72016975264e-05	0	0	0.000436008487632
"Tsukamurella"	0	0	2.90672325088e-05	0	0	0	0	0	2.90672325088e-05	0	0	0	0
"Tumebacillus"	0	0	0	0	0	0	0	8.72016975264e-05	0	0	0	0	0
"Turneriella"	0	0	0	0	0	0	0	0	0	0	0	0	0
"Undibacterium"	0	0	0	0	0	0	0	0	0	0	0	0	0.000494142952649
"Veillonella"	0.00401127808621	0	0.00110455483533	0.00293579048339	0.00107548760283	0.00377874022614	0.00107548760283	0.00122082376537	0.0023253786007	0.000697613580211	0.0284277533936	0.00918524547278	0.00215097520565
"Vibrio"	0.000261605092579	0	8.72016975264e-05	0.00563904310671	0.000116268930035	0.000174403395053	0.000203470627562	0.00558090864169	0.000377874022614	0.000145336162544	0.000319739557597	0.00305205941342	0.00383687469116
"Virgibacillus"	0	0	0	0	0	0	0	0	0	0	0	0	0
"Virgisporangium"	0	0	0	0	0	0	0	0	0	0	0	0	0
"Vogesella"	0	0	0	0.000348806790106	0	0	0	0	0	0	2.90672325088e-05	0	0
"Weeksella"	0	0	0	0	0	0	0.000145336162544	0	2.90672325088e-05	0	0	0	0
"Weissella"	0.000174403395053	0	2.90672325088e-05	0.00023253786007	0	0	0	0	0.000203470627562	0.000145336162544	0	0	0.000203470627562
"Xanthobacter"	5.81344650176e-05	0	0	5.81344650176e-05	0	0	8.72016975264e-05	0	2.90672325088e-05	0	0	0	0
"Xanthomonas"	0.000116268930035	0	2.90672325088e-05	0	0	2.90672325088e-05	0	0	0	0	0	5.81344650176e-05	0
"Xenorhabdus"	0	0	0	0	0	0	0	0	0	0	0	0	0
"Zavarzinella"	0	0	0	0	0	0	0	2.90672325088e-05	0	0	0	0	0
"Zoogloea"	0.000377874022614	0.000145336162544	0.000784815277737	0.000697613580211	0.000174403395053	0	0.001656832253	0.000639479115193	0.0013370926954	0.000465075720141	2.90672325088e-05	0	0.000930151440281
